{"values":{"specs.UouSubscriptionServiceUseApiGatewayClient":"true","specs.membersArea.UseMembersNgApiUpdate":"false","specs.membersArea.CheckUserContributorPermissions":"true","specs.membersArea.HandleMembersNgUpdateDomainEvents":"true","specs.membersfollow.ActivityCounters":"false","specs.membersArea.DoNotSyncWithSiteMembers":"false","specs.membersArea.SkipTemplateHandlerForSettings":"false","specs.membersArea.MemberHandlerUseMembersNgApi":"true","specs.membersArea.UseMembersNgApi":"true","specs.membersArea.DoNotCreateTeamMember":"true","specs.membersArea.SendSsrCaccheInvalidationRequests":"true","specs.membersfollow.RemoveSubscriptionsCalls":"false","specs.membersArea.MembersApiUseMembersNgApi":"true","specs.membersArea.ShowMoreMembersWithBadge":"false","specs.membersArea.UseGroupsToResolveMemberRoles":"true","specs.membersfollow.RemoveSubscriptionsService":"false","specs.profileCardOOI.imgMigration":"false","specs.santaMembers.FilterPagesByRoles":"true","specs.membersArea.MetaSiteSpecialConsumerV2":"true","specs.membersArea.MembersApiUseMembersNgApiQueryForSortBy":"true","specs.membersArea.EnableMemberPagePermissions":"false","specs.membersfollow.MembersNgClient":"true","specs.membersArea.PolicyChangedToContributor":"true","specs.membersArea.HandleMembersNgDomainEvents":"true","specs.membersArea.MembersApiUseMembersNgApiGet":"true","specs.membersArea.DisableSyncPermissionsWithGroups":"true","specs.membersArea.UseGetOrCreateMemberV2":"true","specs.membersArea.ClearSettings":"true"}}